{"cameraMode":{"drawMode":0,"name":"Shaded","section":"Shading Mode"},"sceneLighting":true,"audioPlay":false,"sceneViewState":{"m_AlwaysRefresh":false,"showFog":true,"showSkybox":true,"showFlares":true,"showImageEffects":true,"showParticleSystems":true,"showVisualEffectGraphs":true,"m_FxEnabled":true},"in2DMode":false,"pivot":{"x":1.873579740524292,"y":-1.2108185291290284,"z":-6.120270729064941},"rotation":{"x":0.04736659303307533,"y":0.9520857930183411,"z":-0.19608114659786225,"w":0.22998018562793733},"size":10.920249938964844,"orthographic":false}